entry_key,first_author,country_alpha3
,"Liu, Xiangfeng",COM
,"Roberts, Cameron L.",COM
,"Ramirez-Salgado, Andrea",COM
,"Sha, Zhibing",COM
,"Nantes-Sobrinho, Daniele",COM
,"Aceto, Luca",COM
,"Xu, Liang",COM
,"Fashwan, Amany",COM
,"Kühn, Ramona",COM
,"Shao, Qijia",COM
,"Connolly, Randy",COM
,"Aguilera, Juan P.",COM
,"Kramarczuk, Kristina",COM
,"Khan, Md Aquil",COM
,"Hella, Lauri",COM
,"Badia, Guillermo",COM
,"Falakh, Faiq",COM
,"Dong, Yangjing",COM
,"Huang, Zizhou",COM
,"Fabiano, Francesco",COM
,"Rosillo-Rodes, Pablo",COM
,"Sitaraman, Anupama",COM
,"Howlader, Prosenjit",COM
,"Place, Thomas",COM
,"Difranco, Giuliano",COM
,"Erlich, Enzo",COM
,"Garapa, Marco",COM
,"Xu, Han",COM
,"Salvi, Rohan Charudatt",COM
,"Kesler, Emily",COM
,"Piazza, Mario",COM
,"Jahanifar, Mostafa",COM
,"Ghosh, Souradip",COM
,"Yan, Jiebin",COM
,"Pradeep, Anagha",COM
,"Attie, Paul C.",COM
,"Ciardo, Lorenzo",COM
,"Barichard, Vincent",COM
,"Wee, Chyanna",COM
,"Oliveira, Igor C.",COM
,"Maggi, Fabrizio M.",COM
,"Gurevich, Yuri",COM
,"Ganty, Pierre",COM
,"Ketsman, Bas",COM
,"Wertenbroek, Rick",COM
,"Aziz, Haris",COM
,"Grohe, Martin",COM
,"Belardinelli, Francesco",COM
,"Shao, Qijia",COM
,"Homaeian, Leila",COM
,"Carragher, Peter",COM
,"Chen, Zhibo",COM
,"Dongol, Brijesh",COM
,"Almeida, Virgílio",COM
,"Tamimi, Sajjad",COM
,"Fomin, Fedor V.",COM
,"Larrauri, Alberto",COM
,"Nehme, Elias",COM
,"Li, Zhaoheng",COM
,"Alexander, Emma",COM
,"Becker, Quentin",COM
,"Le, Qiqin",COM
,"Bergstra, Jan A.",COM
,"Wang, Zhiyuan",COM
,"Dubiel, Mateusz",COM
,"Cruz-Filipe, Luís",COM
,"Torán, Jacobo",COM
,"Redondi, Gianluca",COM
,"Hirvonen, Minna",COM
,"Melgratti, Hernán",COM
,"Fussner, Wesley",COM
,"Shen, Yuping",COM
,"Pessoa, Larissa",COM
,"Smith, Allegra W.",COM
,"Clear, Tony",COM
,"Kirchweger, Markus",COM
,"Aguilera, Juan",COM
,"Zhu, Amy",COM
,"Ren, Yingying",COM
,"Shi, Zheng",COM
,"Walkinshaw, Neil",COM
,"Hertzum, Morten",COM
,"Mai, Gengchen",COM
,"Stenger, Michael",COM
,"Alistarh, Dan",COM
,"Cerna, David M.",COM
,"Fichte, Johannes Klaus",COM
,"Lechowicz, Adam",COM
,"Pandey, Santosh",COM
,"Lechowicz, Adam",COM
,"Steen, Marc",COM
,"Lipp, Lukas",COM
,"Pandey, Santosh",COM
,"Espinal, Alejandro",COM
,"Priya, Priyanshu",COM
,"Zilberstein, Noam",COM
,"Carrasco, Karen",COM
,"Nishal, Sachita",COM
,"Douglas, Timothy",COM
,"Lanese, Ivan",COM
,"Artale, Alessandro",COM
,"ten Cate, Balder",COM
,"Kupferman, Orna",COM
,"Bruyère, Véronique",COM
,"Paul, Arnab K.",COM
,"Yarovikov, Yury",COM
,"Romberg, Julia",COM
,"Liu, Xuelin",COM
,"Chungnoi, Krittanut",COM
,"Paakki, Henna",COM
,"Boreale, Michele",COM
,"Kupferman, Orna",COM
,"Greco, Giuseppe",COM
,"Cantone, Domenico",COM
,"Bozzelli, Laura",COM
,"Tagare, Deepti",COM
,"Jaillant, Lise",COM
,"Kang, Hua",COM
,"Munasinghe, Bhagya",COM
,"Sha, Mo",COM
,"Ng, Lynnette Hui Xian",COM
,"Lechowicz, Adam",COM
,"Zhang, Zhan",COM
,"Zhou, Mingjun",COM
,"Ge, Xinzhou",COM
,"Ding, Yujuan",COM
,"Cristiá, Maximiliano",COM
,"Cleaveland, Rance",COM
,"van Glabbeek, Rob",COM
,"Javadi, Mohammad Haji Seyed",COM
,"Killen, Heather",COM
,"Han, Violet Yinuo",COM
,"Amparore, Elvio",COM
,"Artale, Alessandro",COM
,"Huang, Kecheng",COM
,,COM
,"Li, Zhaoheng",COM
,"Glinka, Katrin",COM
,"Cheatle, Amy",COM
,"Bailly, Gilles",COM
,"Baruah, Sanjoy",COM
,"Papanikos, Georgios",COM
,"Xu, Tiancheng",COM
,"Suto, Kai",COM
,"Borowski, Marcel",COM
,"Aamer, Heba",COM
,"Dong, Fuxiang",COM
,"Fekete, Sándor P.",COM
,"Adamou, Alessandro",COM
,"Makatura, Liane",COM
,"Vidulis, Michele",COM
,"Piovarci, Michal",COM
,"Tang, Pengbin",COM
,"Tabellion, Eric",COM
,"Cai, Shaowei",COM
,"Schirrmacher, Nicole",COM
,"Bryant, Randal E.",COM
,"Hope, Tom",COM
,"Bachiega, Joao",COM
,"Kalakanti, Arun Kumar",COM
,"Williams, Katherine J.",COM
,"Chang, Liang",COM
,"Sharma, Adwait",COM
,"Padmanabha, Anantha",COM
,"Ghilardi, Silvio",COM
,"Zhang, Zhen",COM
,"Adler, Isolde",COM
,"Mahmood, Yasir",COM
,"Liberatore, Paolo",COM
,"Chakraborty, Chinmay",COM
,"Ghilezan, Silvia",COM
,"Liu, Eric S.",COM
,"Hoh, Weng Khuan",COM
,"Bozzelli, Laura",COM
,"Bouyer, Patricia",COM
,"Torán, Jacobo",COM
,"Atserias, Albert",COM
,"Bergstra, Jan A.",COM
,"Konovalov, Aleksandr",COM
,"Bednarczyk, Bartosz",COM
,"Touretzky, David S.",COM
,"Blumenthal, Richard",COM
,"Kaczmarczyk, Lisa",COM
,"Munch, Peter",COM
,"Takagi, Tsubasa",COM
,"Benedikt, Michael",COM
,"Pelánek, Radek",COM
,"Soldavini, Stephanie",COM
,"Feng, Hailin",COM
,"Li, Xingjun",COM
,"Huang, Jingmin",COM
,"Di Sanzo, Pierangelo",COM
,"Wareham, Todd",COM
,"Ammari, Habib M.",COM
,"Lee, Kitaek",COM
,"Baxter, James",COM
,"Greco, Giuseppe",COM
,"Aravanis, Theofanis",COM
,"Wang, Yisong",COM
,"Beyersdorff, Olaf",COM
,"Bellier, Dylan",COM
,"Greengard, Samuel",COM
,"Khan, Md. Aquil",COM
,"Matheja, Christoph",COM
,"Grohe, Martin",COM
,"Vukmirović, Petar",COM
,"Blondin, Michael",COM
,"Filmus, Yuval",COM
,"Aameri, Bahar",COM
,"Jarlebring, Elias",COM
,"Gauthier, Robert P.",COM
,"Buchin, Kevin",COM
,"Schuler, Douglas",COM
,"Lawson, Margaret",COM
,"Nowara, Ewa",COM
,"Liu, Haochen",COM
,"van Nuenen, Tom",COM
,"Kurte, Kuldeep",COM
,"Chia, Nai-Hui",COM
,"Kleinman, Erica",COM
,"Aceto, Luca",COM
,"Doherty, Simon",COM
,"Chen, Jinsheng",COM
,"Hu, Jason Z. S.",COM
,"Enqvist, Sebastian",COM
,"Barrett, Chris",COM
,"Case, Adam",COM
,"HeydariGorji, Ali",COM
,"Michaud, Damien",COM
,,COM
,"de Mooij, Jan",COM
,"Giannini, Tula",COM
,"Corbara, Silvia",COM
,"Lv, Zhihan",COM
,"Fekete, Sándor P.",COM
,"Khaniki, Erfan",COM
,"Wu, Kang",COM
,"Mike, Koby",COM
,"Wu, Xiaoliang",COM
,"Honorio, Bruno Chinelato",COM
,"Kodnongbua, Milin",COM
,"Chen, Rulin",COM
,"Pietroni, Nico",COM
,"Pellegrini, Mason",COM
,"Vinçon, Tobias",COM
,"Eifler, Leon",COM
,"Fekete, Sándor P.",COM
,"Shah, Nihar B.",COM
,"Crusoe, Michael R.",COM
,"Kooli, Maha",COM
,"Shapirovsky, Ilya",COM
,"Gokmen, Sabri",COM
,"Gratzer, Daniel",COM
,"Feng, Yuan",COM
,"Dagnino, Francesco",COM
,"Fomin, Fedor V.",COM
,"Larose, Benoît",COM
,"Blumenthal, Johanna",COM
,"Quaranta, Luigi",COM
,"Katuka, Gloria Ashiya",COM
,"Gu, Bo",COM
,"Varde, Aparna S.",COM
,"Tang, Zhiwen",COM
,"Demaine, Erik D.",COM
,"Yan, Runze",COM
,"Crum, Justin",COM
,"Scott, Jennifer",COM
,"Balos, Cody J.",COM
,"Balbiani, Philippe",COM
,"Luo, Feiya",COM
,"Kutay, Emine",COM
,"Podder, Moumanti",COM
,"Wang, April Yi",COM
,"Gauthier, Robert P.",COM
,"Sutton, Jonathan",COM
,"Grädel, Erich",COM
,"Almagor, Shaull",COM
,"Anevlavis, Tzanis",COM
,"Kupke, Clemens",COM
,"Kesner, Delia",COM
,"Gassama, Abdulai",COM
,"Pessanha, Francisca",COM
,"Hogervorst, Tom",COM
,"Jones, Benjamin",COM
,"Zhang, Yongqi",COM
,"Blumenthal, Johanna",COM
,"Nanni, Federico",COM
,"Du, Tao",COM
,"Huang, Ling",COM
,"Bodirsky, Manuel",COM
,"Dawar, Anuj",COM
,"Barthe, Gilles",COM
,"Denning, Peter J.",COM
,"Lai, Rina P. Y.",COM
,"Berres, Andy",COM
,"Reynante, Brandon",COM
,"Kasahara, Shunichi",COM
,"Durand, Arnaud",COM
,"Guidi, Ferruccio",COM
,"Gallo, Fabio R.",COM
,"Kiefer, Sandra",COM
,"Shojaati, Narjes",COM
,"Miller, Mark Roman",COM
,"Razi, Afsaneh",COM
,"Biggs, Heidi",COM
,"Zhang, Ran",COM
,"Cılasun, Hüsrev",COM
,"Heltai, Luca",COM
,"Liu, Jian",COM
,"Adámek, Jiří",COM
,"Hertling, Peter",COM
,"Konovalov, Aleksandr Yu.",COM
,"Arenas, Marcelo",COM
,"Ganty, Pierre",COM
,"Blumenthal, Johanna",COM
,"Doryab, Afsaneh",COM
,"Ali, Dilawar",COM
,"De Rudder, Laurent",COM
,"Quinn, Clark",COM
,"Guerreiro, Andreia P.",COM
,"Andelfinger, Philipp",COM
,"Dudenhefner, Andrej",COM
,"Jiang, Caigui",COM
,"Panetta, Julian",COM
,"Wei, Hui",COM
,"Pellis, Davide",COM
,"Ma, Pingchuan",COM
,"Grossmann, Gerrit",COM
,"Kim, Lawrence H.",COM
,"Skeba, Patrick",COM
,"Pinto, Luís Aleixo H. Sofía",COM
,"Sinders, Caroline",COM
,"Deuser, Kaya",COM
,"Ciabattoni, Agata",COM
,"Broadbent, Christopher H.",COM
,"Martini, Simone",COM
,"Lucia, Brandon",COM
,"Khurana, Malika",COM
,"Roy, Soumyadeep",COM
,"Lopes, Bruno",COM
,"Benedikt, Michael",COM
,"Broadbent, Christopher H.",COM
,"Gutierrez, Julian",COM
,"Kuznetsov, Stepan",COM
,"Krajíček, Jan",COM
,"Demri, Stéphane",COM
,"Wiese, Eliane S.",COM
,"Liu, Yuhang",COM
,"Keyes, Os",COM
,"Arakawa, Riku",COM
,"Schuler, Douglas",COM
,"Osborn, Sarah",COM
,"Ríssola, Esteban A.",COM
,"Saqr, Mohammed",COM
,"Tran, Dat",COM
,"Feit, Anna Maria",COM
,"Kurte, Kuldeep",COM
,"Blumenthal, Johanna",COM
,"Blumenthal, Johanna",COM
,"Itsykson, Dmitry",COM
,"Halskov, Kim",COM
,"Kim, Han Sung",COM
,"Koutsos, Adrien",COM
,"Basaldella, Michele",COM
,"Cao, Hancheng",COM
,"Neang, Andrew B.",COM
,"Bogaerts, Bart",COM
,"Berthon, Raphaël",COM
,"Cockx, Jesper",COM
,"Chen, Chao-Hong",COM
,"Pellegrini, Alessandro",COM
,"Drosopoulos, Georgios A.",COM
,"Berthon, Raphaël",COM
,"Del-Moral, M. Esther",COM
,,COM
,"Oetsch, Johannes",COM
,,COM
,"Gavriil, Konstantinos",COM
,"Britz, Katarina",COM
,"Shreeve, Benjamin",COM
,"Baldan, Paolo",COM
,"Bomanson, Jori",COM
,"Meyden, Ron Van Der",COM
,"Chatterjee, Deya",COM
,"Bleyer, Jeremy",COM
,"Cucerca, Sebastian",COM
,"Montes, Juan",COM
,"Cohen, Liron",COM
,"Baader, Franz",COM
,"Gruber, Anthony",COM
,"Vinçon, Tobias",COM
,"Moore, Rhonda J.",COM
,"Ahrens, Willow",COM
,"Gajarský, Jakub",COM
,"Gajarský, Jakub",COM
,"Amarilli, Antoine",COM
,"McDonald, Sharon",COM
,"Rajsbaum, Sergio",COM
,"Alistarh, Dan",COM
,"Shukla, Diksha",COM
,"Whiting, Mark E.",COM
,"Saxena, Devansh",COM
,"Carta, Silvio",COM
,"Cavalcanti, Ana",COM
,"Zhang, Paul",COM
,"Pitts, Andrew M.",COM
,"Menghi, Claudio",COM
,"Hamilton, Kathleen E.",COM
,"Rai, Sunny",COM
,"Goncharov, Sergey",COM
,"Zhu, Binhai",COM
,"Fiorentini, Camillo",COM
,"Herbreteau, Frédéric",COM
,"Saha, Manaswi",COM
,"Echenim, Mnacho",COM
,"Eickmeyer, Kord",COM
,"Patton, Desmond Upton",COM
,"Hernich, André",COM
,"Burel, Guillaume",COM
,"Carayol, Arnaud",COM
,"Magdy, Amr",COM
,"Nath, Sahajiya",COM
,"Abulaish, Muhammad",COM
,"Werner, Linda",COM
,"Iseringhausen, Julian",COM
,"Tomović, S.",COM
,"Montenegro, Manuel",COM
,"Carreiro, Facundo",COM
,"Feng, Shiguang",COM
,"Balbiani, Philippe",COM
,"Rajsbaum, Sergio",COM
,"Lindquist, Neil",COM
,"Beyersdorff, Olaf",COM
,"Place, Thomas",COM
,"Wang, Miao",COM
,"Wang, April Yi",COM
,"Whiting, Mark E.",COM
,"Cerna, David",COM
,"Guzdial, Mark",COM
,"Joshi, Aditya",COM
,"Peled, Leeor",COM
,"Bana, Gergei",COM
,"Basin, David",COM
,"Benedikt, Michael",COM
,"Hella, Lauri",COM
,"Ghilardi, Silvio",COM
,"Dumitrescu, Adrian",COM
,"Fan, Tuan-Fang",COM
,"Almoqbel, Mashael",COM
,"Chrétien, Rémy",COM
,"Caragiannis, Ioannis",COM
,"Conradie, Willem",COM
,"Bugayenko, Yegor",COM
,"Gomes, Carla",COM
,"Borralleras, Cristina",COM
,"Nalon, Cláudia",COM
,"Aameri, Bahar",COM
,"Horne, Ross",COM
,"Huang, Xiaowei",COM
,"Chalopin, Jérémie",COM
,"Bortolussi, Luca",COM
,"Liu, Hao",COM
,"Zhang, Xiaoting",COM
,"Xu, Jie",COM
,"Kirkpatrick, Keith",COM
,"Frauenberger, Christopher",COM
,"Geck, Gaetano",COM
,"Klinkhamer, Alex",COM
,"Lodha, Neha",COM
,"Lahav, Ori",COM
,"Halpern, Joseph Y.",COM
,"Clemente, Lorenzo",COM
,"Maniezzo, Vittorio",COM
,"Hughes, Cameron",COM
,"Verbitsky, Oleg",COM
,"Liu, Ruibo",COM
,"Constantin, Mihai Gabriel",COM
,"Quaas, Karin",COM
,"Leone, Nicola",COM
,"Oraby, Shereen",COM
,"Bulling, Nils",COM
,"Xiao, Ping",COM
,"Lellmann, Björn",COM
,"Tissenbaum, Mike",COM
,"Elejalde, Erick",COM
,"Wrona, Michał",COM
,"Bablani, Annushree",COM
,"Treiblmaier, Horst",COM
,"Fan, Songchun",COM
,"Nardelli, Enrico",COM
,"Quaglia, Francesco",COM
,"Newton, Jim",COM
,"Richard, Gabriela T.",COM
,"Audrito, Giorgio",COM
,"Cavallo, Evan",COM
,"Mammadli, Rahim",COM
,"Adámek, Jiří",COM
,"Bozzelli, Laura",COM
,"Atserias, Albert",COM
,"Cabrer, Leonardo M.",COM
,"Dumitrescu, Adrian",COM
,"Xiao, Lei",COM
,"Malomo, Luigi",COM
,"Braga, Diego De Siqueira",COM
,"Rule, Adam",COM
,"Salehi, Niloufar",COM
,"Hamilton, Kathleen E.",COM
,"Garlík, Michal",COM
,"Hamano, Masahiro",COM
,"Khan, Md. Aquil",COM
,"Rabe, Florian",COM
,"Albert, Elvira",COM
,"Li, Yongjian",COM
,"Ardeshir-Larijani, Ebrahim",COM
,"Huang, Xiaowei",COM
,"Hopfgartner, Frank",COM
,"Wu, Hui-Yin",COM
,"Jacobson, Ivar",COM
,"Turner, Scott Alexander",COM
,"Cazalens, Sylvie",COM
,"Goranko, Valentin",COM
,"Gall, Daniel",COM
,"Dima, Catalin",COM
,"Hannula, Miika",COM
,"Cimatti, Alessandro",COM
,"Seiller, Thomas",COM
,"Roux, Stéphane Le",COM
,"Guller, Dušan",COM
,"Alderighi, Thomas",COM
,"Auzinger, Thomas",COM
,"Wang, Congli",COM
,"Ozkan, Aysegul",COM
,"Gregor, Shirley",COM
,"Yaşar, Osman",COM
,"Mehrotra, Pavan",COM
,"Escobedo, Adolfo R.",COM
,"Hwang, John T.",COM
,"Nagaraj, S.V.",COM
,"Banyassady, Bahareh",COM
,"Jha, Sagar",COM
,"Oliveira, Wellington",COM
,"Berg, Benno Van Den",COM
,"Binnewies, Sebastian",COM
,"Neider, Daniel",COM
,"Lescanne, Pierre",COM
,"Neven, Frank",COM
,"Hóu, Zhé",COM
,"Heintz, Fredrik",COM
,"Dennis, Alan R.",COM
,"Ciabattoni, Agata",COM
,"Amigó, Enrique",COM
,"Kleinberg, Jon",COM
,"Wallach, Hanna",COM
,"Lamb, Carolyn",COM
,"Amant, Kirk St.",COM
,"Pakusa, Wied",COM
,"Kieroński, Emanuel",COM
,"Fairweather, Elliot",COM
,"Bakel, Steffen Van",COM
,"Tubella, Andrea Aler",COM
,"Xiao, Nan",COM
,"Xu, Bo",COM
,"Hannula, Miika",COM
,"Schröder, Lutz",COM
,"Bertl, Markus",BVT
,"Li, Xiaoxu",BVT
,"Wu, Wancheng",BVT
,"Alenazi, Abdulaziz",BVT
,"Camellini, Filippo",BVT
,"Bruni, V.",BVT
,"Angelo, Lady",BVT
,"Kumar, Rakesh",BVT
,"Akgüller, Ömer",BVT
,"Alt, Helmut",BVT
,"Vabishchevich, P.N.",BVT
,"Yu, Tianchi",BVT
,"Khaire, Utkarsh Mahadeo",BVT
,"Strohbeck, Paula",BVT
,"Dang, Thi Tam",BVT
,"Xie, Wei",BVT
,"Barrera, Domingo",BVT
,"Subramanian, C.R.",BVT
,"Garcés, Inmaculada",BVT
,"Gao, Xi",BVT
,"Xue, Zhengyang",BVT
,"Jansen, Maarten",BVT
,"Wang, Housen",BVT
,"Wu, Caiying",BVT
,"Özarslan, Mehmet Ali",BVT
,"Cai, Xiaomin",BVT
,"Xu, Wei",BVT
,"Lim, Eunji",BVT
,"Perera, Sirani M.",BVT
,"Ágoston, Péter",BVT
,"Evirgen, Fırat",BVT
,"Dou, Yuqi",BVT
,"Huang, Zhengge",BVT
,"Currier, Gabriel",BVT
,"Wen, Jiao",BVT
,"Vrins, Frédéric",BVT
,"Biniaz, Ahmad",BVT
,"Tülek, Abdullah",BVT
,"Muñoz Rivera, Jaime",BVT
,"Zhang, Jia-Rui",BVT
,"Badahmane, A.",BVT
,"Peng, Shanshan",BVT
,"Wembe, B.",BVT
,"Abalı, Serenay",BVT
,"Wang, Juan",BVT
,"Kozhan, Rostyslav",BVT
,"Huertas, Edmundo J.",BVT
,"Fan, Xin",BVT
,"Kim, Dae San",BVT
,"Wang, Danxia",BVT
,"De Luca, Pasquale",BVT
,"Azzarone, Beatrice",BVT
,"Xu, Shu",BVT
,"Shivanian, Elyas",BVT
,"Liu, Yu",BVT
,"Tercero-Báez, Ana",BVT
,"Zhi, Yuan",BVT
,"Kumar, D.",BVT
,"Borgatti, Lisa",BVT
,"Postavaru, Octavian",BVT
,"Li, Changfeng",BVT
,"Wu, Jia Yan",BVT
,"Güldoğan Lekesi̇z, Esra",BVT
,"Grace, Said R.",BVT
,"Ponomarev, Dmitry",BVT
,"Jin, Yu",BVT
,"Zhang, Xuezhao",BVT
,"Liang, Siqi",BVT
,"Asnaz, Melike Sultan Karasu",BVT
,"Bauduin, Vittorio",BVT
,"Dar, Zaffar Mehdi",BVT
,"Mutar, Emad Kareem",BVT
,"He, Zhuo-Heng",BVT
,"Okayama, Tomoaki",BVT
,"Cao, Jiling",BVT
,"Luo, Yangfan",BVT
,"Bas, Umut",BVT
,"Zhang, Li-Ping",BVT
,"Mastroianni, Giuseppe",BVT
,"Taleshian, Amir Hossein",BVT
,"Ji, Ying",BVT
,"An, Jing",BVT
,"Mohammadi, Fatemeh",BVT
,"Yuan, Wanqiu",BVT
,"Zhao, Ruijuan",BVT
,"Fakhoury, Daniele",BVT
,"Wang, Jingjie",BVT
,"Wenzel, Tizian",BVT
,"Zhang, Shaonan",BVT
,"Das, Pankaj Kumar",BVT
,"Faleichik, Boris",BVT
,"Wang, Yilun",BVT
,"Emin, Berkay",BVT
,"Baranek, Marcin",BVT
,"Blanes, Sergio",BVT
,"Nwaigwe, Chinedu",BVT
,"Hu, Lijun",BVT
,"Wang, Shuang",BVT
,"Zhuang, Qiao",BVT
,"Nabil, Haneche",BVT
,"Kuş, Coşkun",BVT
,"Zhou, Dilong",BVT
,"Huang, Yunqing",BVT
,"Bai, Songhai",BVT
,"Hamdi, A.",BVT
,"Bellavia, Stefania",BVT
,"Wang, Hong",BVT
,"Chen, Meng",BVT
,"Shilnikov, K.E.",BVT
,"Yang, Fan",BVT
,"Ji, Bingbing",BVT
,"Lj. Djukić, D.",BVT
,"Rychlik, Tomasz",BVT
,"Edwards, Collin",BVT
,"Tzaninis, Spyridon M.",BVT
,"Ferreyra, D.E.",BVT
,"Li, Guan Ying",BVT
,"Cieslik, Violet V.",BVT
,"Zheng, Zejing",BVT
,"Hu, Dongdong",BVT
,"Nikolaeva, Nadezhda",BVT
,"Park, Minji",BVT
,"Zhang, Li",BVT
,"Chang, Gao",BVT
,,BVT
,"Hu, Dong",BVT
,"Gie, Gung-Min",BVT
,"Hobhaydar, Arman",BVT
,"Cui, Lubin",BVT
,"Huang, Shuyu",BVT
,"Anđić, Branko",BVT
,"Lin, Yu-Ren",BVT
,"Dong, Bo",BVT
,"Shahab, Carmella",BVT
,"He, Mingyan",BVT
,"Yao, Yujie",BVT
,"Song, Zihao",BVT
,"Chacón-López, Helena",BVT
,"Patra, Sathi",BVT
,"Cui, Ming",BVT
,"Uthayakumar, P.",BVT
,"Shiri, Babak",BVT
,"Huertas, Edmundo J.",BVT
,"Li, Min",BVT
,"Hu, Guang-Da",BVT
,"Bok, Jan",BVT
,"HO, Nguyen Thi Thao",BVT
,"Hamidi, Ali",BVT
,"Lu, Kebing",BVT
,"Chen, Weitao",BVT
,"Sokolov, Andriy",BVT
,"Liu, Shan",BVT
,"Li, Li",BVT
,"Zhang, Longyu",BVT
,"Wang, Tzu-Hua",BVT
,"Kremling, Gitte",BVT
,"Auricchio, Gennaro",BVT
,"Zhou, Lujun",BVT
,"Li, Ziyi",BVT
,"Elsawah, A.M.",BVT
,"Wang, Ting",BVT
,"Eticha, Merga Dinssa",BVT
,"Izuchukwu, Chinedu",BVT
,"Lu, Yu-Ming",BVT
,"Erickson, Brittany A.",BVT
,"Geng, Bingzhen",BVT
,"Li, Jianhua",BVT
,"Mao, Yongchun",BVT
,"Tena, Jesús",BVT
,"Ceballos, Haydeé",BVT
,"Ma, Yue",BVT
,"Chastain, Robert P.",BVT
,"Gou, Sibang",BVT
,"Gerberding, Seth",BVT
,"Ban A-pai, Fongchan",BVT
,"Zhou, Boyu",BVT
,"Shih, Jia-Han",BVT
,Sajidin,BVT
,"Sher, Muhammad",BVT
,"Tian, Zihang",BVT
,"Du, Tingsong",BVT
,"Liu, Qimeng",BVT
,"Glicksohn, Joseph",BVT
,"Ge, Yueyue",BVT
,"Fatima, Nahid",BVT
,"Durak, Hatice Yildiz",BVT
,"Dutta Mohapatra, Achyuta Ranjan",BVT
,"Zhang, Dong",BVT
,"Çi̇loğlu, Pelin",BVT
,"Calgan, Haris",BVT
,"Ahmad, Sohail",BVT
,"Hovardas, Tasos",BVT
,"Wang, Guodong",BVT
,"Fu, Kang",BVT
,"Güven Demir, Elif",BVT
,"Si, Suliang",BVT
,"Sawangtong, Panumart",BVT
,"Hao, Yong-Xia",BVT
,"Mika, Dariusz",BVT
,"Ou, Caixia",BVT
,"Silva, Ivair R.",BVT
,"Yang, Jielin",BVT
,"Barrera, Domingo",BVT
,"Chen, Qiliang",BVT
,"Zang, Shiyi",BVT
,"Cai, Yuyang",BVT
,"Crilly, Nathan",BVT
,"Jia, Zehui",BVT
,"Afzal Aghaei, Alireza",BVT
,"Li, Si",BVT
,"Li, Kongzhi",BVT
,"Liu, Haiyang",BVT
,"Dell’Accio, Francesco",BVT
,"Sousa, Ercília",BVT
,"Taniguchi, Yuko",BVT
,"Primor, Liron",BVT
,"Sun, Tie",BVT
,"Ahmad, Owais",BVT
,"Li, Zhen",BVT
,"Hersonsky, Sa’ar",BVT
,"Zhang, Guangtao",BVT
,"Bizzarri, Michal",BVT
,"Xie, Ayu",BVT
,"Bermúdez, Isaac",BVT
,"Beltran, Hector",BVT
,"Yuan, Han",BVT
,"Perdana, Arif",BVT
,"Weatherly, Katy leong Cheng Ho",BVT
,"Pan, Qianjun",BVT
,"Baltà-Salvador, Rosó",BVT
,"Hadley, Gregory R.L.",BVT
,"Cheng, Hui",BVT
,"Jiang, Xiao",BVT
,"Lee, Hwiyoung",BVT
,"Khazaleh, Mais",BVT
,"Ma, Li",BVT
,"Zhang, Wei",BVT
,"Yu, Yongchao",BVT
,"K.V., Viswakala",BVT
,"Hedayati, Fatemeh",BVT
,"Ibrayeva, Laura",BVT
,"Shen, Yanan",BVT
,"Larraz-Rábanos, Natalia",BVT
,"Liu, Ruisi",BVT
,"Wang, Dongxuan",BVT
,"Hong, Jon-Chao",BVT
,"Huang, Haoyan",BVT
,"Goecke, B.",BVT
,"Yurtbakan, Ergun",BVT
,"Taki Eldin, Ramy",BVT
,"Dai, Haishen",BVT
,"Gedik, Nuray",BVT
,"Caliari, Marco",BVT
,"Ghasemi, Rahmat",BVT
,"Chen, Jiaqi",BVT
,"Conlon, David",BVT
,"Shukla, Vinay",BVT
,"Thiel, Konstantin Emil",BVT
,"Halder, Sukanta",BVT
,"Antony, Arockia Deepa Uvari",BVT
,"Tang, Kok-Sing",BVT
,"Akusta, Ahmet",BVT
,"Xie, Dexuan",BVT
,"Bollati, Julieta",BVT
,"Wang, Zhen",BVT
,"Zhang, Yufeng",BVT
,"Wiśniewska, Ewa",BVT
,"Yusuf, Abdullahi",BVT
,"Jerbi, Houssem",BVT
,"Fermo, Luisa",BVT
,"He, Yunhui",BVT
,"Cavoretto, Roberto",BVT
,"Ling, Chen",BVT
,"Staberg, Ragnhild Lyngved",BVT
,"Zhang, Si",BVT
,"Nabil, Haneche",BVT
,"Krief, Jerome",BVT
,"Çakiroğlu, Ünal",BVT
,"Cappello, Lorenzo",BVT
,"Diabaté, Modibo",BVT
,"Wang, Yu",BVT
,"Yu, Yang",BVT
,"Ossandón, Sebastián",BVT
,"Aràndiga, Francesc",BVT
,"Haque, Md.Reduanul",BVT
,"Zhong, Linshan",BVT
,"Zhang, Li-fang",BVT
,"Muoi, Pham Quy",BVT
,"Hu, Guang-Da",BVT
,"Zhang, Hong",BVT
,"Korotkov, A.V.",BVT
,"Fu, Fengyu",BVT
,"Miller, Stephen",BVT
,"Duan, Lishu",BVT
,"Komori, Yoshio",BVT
,"Kang, Byeonguk",BVT
,,BVT
,"Moreno, Juan José",BVT
,"Sevimli-Celik, Serap",BVT
,"Chen, Huei-Ying",BVT
,"Dückers, Christina",BVT
,"Wu, Ting-Ting",BVT
,"Peperkorn, Colin",BVT
,"Demiray, Esra",BVT
,"Abdi, A.",BVT
,"Kumar, Devendra",BVT
,"Liu, Zhenhai",BVT
,"Mattar, Wael",BVT
,"Culda, Loredana Camelia",BVT
,"Wang, Lusheng",BVT
,"Lepp, Marina",BVT
,"Derin Yaqub, Zülal",BVT
,"Li, Chenyang",BVT
,"Torres, Eduardo Servin",BVT
,"Wu, Xiaohua",BVT
,"Ammosov, Dmitry",BVT
,"Kaur, Gurdeep",BVT
,"Oka, Ryunosuke",BVT
,"Tijsma, Geertje",BVT
,"Lu, Lizheng",BVT
,"Arici, Fadime",BVT
,"Biniaz, Ahmad",BVT
,"Vishwakarma, Gajendra K.",BVT
,"Hung, Bui The",BVT
,"Ammari, K.",BVT
,"Leung, Kin-yi Promail",BVT
,"Liang, Yiming",BVT
,"Sun, Yue",BVT
,"Du, Wenbo",BVT
,"Li, Yihao",BVT
,"Sommariva, Alvise",BVT
,"Li, Lin",BVT
,,BVT
,"Slodička, Marián",BVT
,"Bahloul, Aymen",BVT
,"Chang, Xiao",BVT
,"Massy, Guillaume",BVT
,"Liu, Jiabin",BVT
,"Behera, Ratikanta",BVT
,"Hou, Liangshao",BVT
,"Mao, Jiangqiong",BVT
,"Hegarty, A.F.",BVT
,"Ding, Qianqian",BVT
,"Choi, Sun-Yong",BVT
,"Achabbak, Ahdia",BVT
,"Yu, Shupei",BVT
,"Leung, Kin-yi Promail",BVT
,"Luo, Qi",BVT
,"Wicaksono, Azizul Ghofar Candra",BVT
,"Zhou, Yanyun",BVT
,"Mansour, Nasser",BVT
,"Arshad, Muhammad Zeshan",BVT
,"Luo, Zhongqiang",BVT
,"Donnat, Claire",BVT
,"Chen, Roger",BVT
,Aashish,BVT
,"Li, Jiajia",BVT
,"Wendling, Alexandre",BVT
,"Medina-Nieto, Ana Laura",BVT
,"Jayaprakash, Prajisha",BVT
,"Lu, Tefei",BVT
,"Mati, Soumya Sundar",BVT
,"Dell’Accio, Francesco",BVT
,"Guo, Ruihan",BVT
,"El Safadi, Mahmoud",BVT
,"Kuo, Ping-Huan",BVT
,"Bains, Omkar",BVT
,"Ait Ouchaoui, Abderrahim",BVT
,"Nizamuddin, Syed",BVT
,"PALA, Muhammed Ali",BVT
,"Dey, Sanku",BVT
,"Chen, Ruyun",BVT
,"Muhsinah, Abdullatif Bin",BVT
,"Collins, Obiora C.",BVT
,"Alawad, Duaa Mohammad",BVT
,"Raslan, Yara",BVT
,"Cao, Dezhi",BVT
,"Braun, Moritz",BVT
,"Jiang, Ning",BVT
,"Albishri, Saud",BVT
,"Munagalasetty, Sharon",BVT
,"Jain, Shraddha",BVT
,"Xu, Hongwei",BVT
,"Prakasam, Priya",BVT
,"Marušić-Paloka, Eduard",BVT
,"Kim, Jeongho",BVT
,"Moazami, Davoud",BVT
,"Kapl, Mario",BVT
,"Kong, Xiaoli",BVT
,"Archana, N.",BVT
,"Arango, Juan Pablo Betancourt",BVT
,"R, Manjunath",BVT
,"Ghabi, Amira",BVT
,"Ji, Lurao",BVT
,"Chen, Yuchen",BVT
,"Raman, Anirudh Pratap Singh",BVT
,"Ran, Gang",BVT
,"Yin, Yige",BVT
,"Dera, Paweł",BVT
,"Eryilmaz, Serkan",BVT
,"Ran, Maoxin",BVT
,"Kumari, Kavita",BVT
,"Bosnalı, Burcu",BVT
,"Xu, Pei",BVT
,"Patilea, Valentin",BVT
,"Pasunoori, Krupa Chary",BVT
,"Raza, Nauman",BVT
,"Barani Pour, Samaneh",BVT
,"Şentürk Lüle, Senem",BVT
,"Ansari, Mohd Nazam",BVT
,"Gambhir, Samanta",BVT
,"Batool, Kiran",BVT
,"Ragab, Islam",BVT
,"Wang, Jingshuai",BVT
,"Kotsovolos, Nikolaos",BVT
,"Ying, Yue",BVT
,"Nguyen, Thi-Tuyen",BVT
,"Riaz, Taimoor",BVT
,"Mihajlović, Milica",BVT
,"Barrios, Melani",BVT
,"Alipour, Maryam",BVT
,"Ermakova, Elena",BVT
,"Liu, Jinfang",BVT
,"Duman, Oktay",BVT
,"Kim, Hang J.",BVT
,"Habli, Oumayma",BVT
,"Ding, Han",BVT
,"Alazemi, Fares",BVT
,"Subalakshmi, A.T.",BVT
,"Zhu, Zhenyi",BVT
,"Gaur, Mahendra",BVT
,"He, Binsheng",BVT
,"Wang, Zixun",BVT
,"Okundalaye, Oluwaseun Olumide",BVT
,"Yilmaz, Oktay",BVT
,"Deng, Kai",BVT
,"Elasbali, Abdelbaset Mohamed",BVT
,"Rabbani, Gulam",BVT
,"Özkan, Ebrar Nur",BVT
,"Loganathan, G.",BVT
,"Fahim, Asmaa M.",BVT
,"Abu-Dief, Ahmed M.",BVT
,"C.A., Hafsath",BVT
,"Khan, Muhammad Altaf",BVT
,"Barbosa, Debora Gonçalves",BVT
,"Yogitha, P.S.",BVT
,"Wang, Yuchen",BVT
,"Naseem, Amir",BVT
,"Amin, Ayesha",BVT
,"Podleśny, Błażej",BVT
,"Ai, Yueshan",BVT
,"Xie, Ming",BVT
,"Chang, Chih-Hao",BVT
,"Shevate, Krishna",BVT
,"Zhao, Shijie",BVT
,"Demir, Yeliz",BVT
,"Fedakar, Burcu",BVT
,"Ng, Yan Hong",BVT
,"Liu, Qiye",BVT
,"Makkar, Sujata",BVT
,"S, Ashwini.",BVT
,"Abbas, Awaz M.",BVT
,"Zhao, Bowen",BVT
,"Eissa, Osman",BVT
,"Elsawah, A.M.",BVT
,"Xu, Jiawei",BVT
,"Turinici, Gabriel",BVT
,"Yang, Weili",BVT
,"Kiliccioglu, Ilker",BVT
,"Ouyang, Zhiyuan",BVT
,"Spathara, D.",BVT
,"Baykal, Duygu Sen",BVT
,"Feltrin, Ana C.",BVT
,"Hong, Yanggang",BVT
,"Cheng, Yue",BVT
,Salba,BVT
,"Wang, Zhenbo",BVT
,"Asra, Fathima",BVT
,"Soltani, Ismail",BVT
,"Jha, Medha",BVT
,"Zhang, Yahui",BVT
,"Li, Min",BVT
,"Eddargani, Salah",BVT
,"Joshi, Hardik",BVT
,"Hoefel, Laura Piloneto Lima",BVT
,"Chen, Hui",BVT
,"To, Dao C.",BVT
,"Khan, Asra",BVT
,"Awais, Muhammad",BVT
,"Zhao, Junshuai",BVT
,"Huang, Jingde",BVT
,"Yang, Zhengya",BVT
,"K.V., Uma",BVT
,"Sis, Seyit A.",BVT
,"ALKAN, Aslı",BVT
,"Chagaleti, Bharath Kumar",BVT
,"Mahapatra, Kiran",BVT
,"Meng, Shuqiao",BVT
,"Wu, Rongfang",BVT
,"He, Wenlong",BVT
,"Guo, Liye",ATG
,"Tan, Jingling",ATG
,"Aytug, Zeynep G.",ATG
,"Li, Xin",ATG
,"Keramat, Fatemeh",ATG
,"Alnaimat, Fadi",ATG
,"Zeng, Jian",ATG
,"Zhu, Yuan",ATG
,"Huang, Mo",ATG
,"Liang, Yi",ATG
,"Zhu, Li",ATG
,"Dai, Zheng",ATG
,"Wang, Tao",ATG
,"Liu, Yanling",ATG
,"Luo, Xiangxiang",ATG
,"Nie, Ting",ATG
,"Gustafson, Erin N.",ATG
,"Gong, Ruoning",ATG
,"Zhao, Yanhui",ATG
,"Zhao, Shuyi",ATG
,"Lu, Zhichao",ATG
,"Feng, Chenying",ATG
,"Ma, Lihua",ATG
,"Wu, Siting",ATG
,"Li, Ying",ATG
,"Lv, Jingyi",ATG
,"Yuan, Hui",ATG
,"Song, Yangyang",ATG
,"Zhu, Yukun",ATG
,"Zhang, Ying",ATG
,"Zhou, Haidong",ATG
,"Liu, Qiang",ATG
,"Motukeeva, Alina",ATG
,"Wei, Nini",ATG
,"Liu, Xinzhan",ATG
,"Korlipara, Madhuri",ATG
,"Liu, Yun",ATG
,"Tariq, Rasikh",ATG
,"Wu, Yijun",ATG
,"Tong, Zhibei",ATG
,"Wang, Yilin",ATG
,"Beheshti, Masih",ATG
,"Han, Qingyun",ATG
,"Zhang, Xinyuan",ATG
,"Narla, Swapna",ATG
,"Xiao, Dajun",ATG
,"Wang, Ting",ATG
,"Chen, Jian",ATG
,"Guo, Tao",ATG
,"Miao, Jin",ATG
,"Miao, Jin",ATG
,"Mena, Andres",ATG
,"Peng, Xiangyang",ATG
,"Guo, Huili",ATG
,"Zhao, Yufeng",ATG
,"An, Ran",ATG
,"Liu, Yanchi",ATG
,"Li, Yuan",ATG
,"Shen, Bin",ATG
,"Liu, Baoyun",ATG
,"Wang, Zhen",ATG
,"Liu, Chao",ATG
,"Brändle, Leif",ATG
,"Li, Xiao",ATG
,"Savransky, Martin",ATG
,"Zhong, Yunxiang",ATG
,"Cao, Qianwen",ATG
,"Li, Yifei",ATG
,"Gao, Qiliang",ATG
,"Yu, Haixia",ATG
,"Li, Anqin",ATG
,"Liu, Yinying",ATG
,"Dadich, Ann",ATG
,"Schiavio, Andrea",ATG
,"Dong, Hansong",ATG
,"Hua, Zhengchun",ATG
,"Li, Xuejie",ATG
,"Farhadi, Faegheh",ATG
,"Fan, Hongzhen",ATG
,"Martins, Oluwaseun O.",ATG
,"Wu, Shaohong",ATG
,"Metwaly, Ahmed M",ATG
,"Rivière, Clément",ATG
,"Kim, Hyo Ju",ATG
,"Fung, Timothy K. F.",ATG
,"Liu, Xuan",ATG
,"Yang, Jie",ATG
,"Wu, Liangzi",ATG
,"Zhijun, Song",ATG
,"Li, Zhenchao",ATG
,"Dartey, Edwin Appah",ATG
,"Yang, Li",ATG
,"Cao, Limei",ATG
,"Polat, Ayşe",ATG
,"Gao, Hui",ATG
,"Mao, Yishan",ATG
,"Ni, Jiening",ATG
,"Fan, Shan",ATG
,"Liu, Zuoyu",ATG
,"Rojas, Alejandro Alvarado",ATG
,"Li, Silei",ATG
,"Pei, Biying",ATG
,"Ma, Yangmei",ATG
,"Xu, Jing",ATG
,"Wu, Changchun",ATG
,"Wang, Zhaohui",ATG
,"Deng, Ying",ATG
,"Luo, Juan",ATG
,"Yuan, Fen",ATG
,"Lai, Weidong",ATG
,"Sun, Yang",ATG
,"McCarley, Jason S.",ATG
,"Xu, Fei",ATG
,"Zhao, Xuefei",ATG
,"Liu, Nannan",ATG
,"Fu, Zuodong",ATG
,"Guan, Haixia",ATG
,"Yang, Xi",ATG
,"Wang, Chaoran",ATG
,"Zhu, Mingda",ATG
,"Zhang, Jie",ATG
,"Zhi, Hui",ATG
,"Li, Aihua",ATG
,"Zhang, Zhongling",ATG
,"Zhang, Lei",ATG
,"Ji, Jiangwei",ATG
,"Bai, Ying",ATG
,"Cao, Xiaojing",ATG
,"Song, Yufei",ATG
,"Ying, Shaoyang",ATG
,"Cheng, Lanzhi",ATG
,"Arkin, Gulnur",ATG
,"Xia, Shusong",ATG
,"Xue, Zhaoxia",ATG
,"Jiang, Yinping",ATG
,"Sheng, Guo",ATG
,"Liu, Junrong",ATG
,"Wang, Zhen",ATG
,"Xie, Zhenru",ATG
,"Liu, Xian",ATG
,"Yi, Tianyu",ATG
,"Feng, Huihui",ATG
,"Xu, Chang",ATG
,"Zhang, Jingyao",ATG
,"Li, Zhe",ATG
,"Li, Zhi",ATG
,"Hu, Nan",ATG
,"Shi, Xiaoge",ATG
,"Liu, Xinghui",ATG
,"Ni, Jiangling",ATG
,"Jiang, Zhidan",ATG
,"Wan, Lu",ATG
,"Chen, Tian",ATG
,"Mou, Hongfei",ATG
,"Hu, Jianan",ATG
,"Liu, Long",ATG
,"Long, Yun",ATG
,"Jin, Gaimin",ATG
,"Liu, Xiyang",ATG
,"Fan, Yan",ATG
,"Li, Chuanxu",ATG
,"Xia, Kun",ATG
,"Kong, Huan",ATG
,"Liu, Tiancai",ATG
,"Wang, Minmin",ATG
,"Zhang, Meng",ATG
,"Mulupi, Dinfin K.",ATG
,"Chen, Xiang",ATG
,"Xie, Shuoyan",ATG
,"Zhang, Weijian",ATG
,"Han, Shijiao",ATG
,"Zhang, Feng",ATG
,"Ma, Huifang",ATG
,"Zhang, Dianxi",ATG
,"Zhao, Yitao",ATG
,"Chen, Ping",ATG
,"Tan, Huang",ATG
,"Li, Xueling",ATG
,"Fan, Xingyuan",ATG
,"Pang, Jun",ATG
,"Qi, Jingyu",ATG
,"Wang, Keren",ATG
,"Ji, Fang",ATG
,"Yu, Anyue",ATG
,"Li, Wenhuan",ATG
,"Tian, Fang",ATG
,"Ogaz, Dana",ATG
,"Berthelsen, Hanne",ATG
,"Li, Lili",ATG
,"Wei, Jiayu",ATG
,"Lan, Hui",ATG
,"Luo, Yuming",ATG
,"Im, Hong G",ATG
,"Zhang, Pengcheng",ATG
,"Zhang, Chunlan",ATG
,"Wang, Yuxuan",ATG
,"Chen, Yaqi",ATG
,"Wang, Jun",ATG
,"Chen, Fangyuan",ATG
,"Helbling, Marc",ATG
,"Zhang, Hongyan",ATG
,"Sreenivasulu, Pandikunta",ATG
,"Tang, Jinfeng",ATG
,"Yi, Luo",ATG
,"Xie, Lifang",ATG
,"Liu, Zhao",ATG
,"Guo, Qing",ATG
,"Liang, Jinbao",ATG
,"Wu, Yipeng",ATG
,"Wang, Jingying",ATG
,"Cui, Dan",ATG
,"Motlagh, Ebrahim Daryaee",ATG
,"Xu, Jing",ATG
,"Hu, Zhigang",ATG
,"Sun, Guangzhong",ATG
,"Hu, Junxian",ATG
,"Zhang, Yazhen",ATG
,"Zhang, Haoyi",ATG
,"Pei, Yanli",ATG
,"Deng, Xue",ATG
,"Suay, Dila",ATG
,"Sun, Hui",ATG
,"Cheng, Jun",ATG
,"Li, Zhuan",ATG
,"Liang, Yuhua",ATG
,"Yi, Lun",ATG
,"Zhou, Zicheng",ATG
,"Sun, Puzi",ATG
,"Parr, Hester",ATG
,"Gao, Yuan",ATG
,"Dou, Xiaochen",ATG
,"Qiao, Yingjie",ATG
,"Sun, Yongxing",ATG
,"Zhou, Xiaoyan",ATG
,"Manoudaki, Nefeli",ATG
,"Tan, Huang",ATG
,"Zhou, Yidi",ATG
,"Wu, Wenhao",ATG
,"Meng, Xiangjia",ATG
,"Ye, Huixian",ATG
,"Jia, Nan",ATG
,"Jian, Shaoyong",ATG
,"Huang, Xiaohan",ATG
,"Liu, Zhenguo",ATG
,"Zhao, Liang",ATG
,"Zhao, Caixia",ATG
,"Li, Liang",ATG
,"Dessie, Wondifraw Mihret",ATG
,"Li, Mengyu",ATG
,"Li, Longxing",ATG
,"Zhao, Haiting",ATG
,"Guo, Zhao",ATG
,"Wang, Jiale",ATG
,"Wei, Gaixia",ATG
,"Bao, Yuanwei",ATG
,"Huo, Decai",ATG
,"Wang, Chunmei",ATG
,"Shen, Lixian",ATG
,"Yang, Fan",ATG
,"Song, Shuhan",ATG
,"Yang, Mengbo",ATG
,"Daum, Rachel",ATG
,"El Iskandarani, Mohamad",ATG
,"Liu, Qianlan",ATG
,"Yuan, Zhenzhen",ATG
,"Hu, Xiaomeng",ATG
,"Zhang, Tingfang",ATG
,"Shi, Yuchen",ATG
,"Xiang, Lei",ATG
,"Du, Lili",ATG
,"Xie, Bing",ATG
,"Lin, Lin",ATG
,"Nefes, Türkay Salim",ATG
,"Xu, Qian",ATG
,"Ren, Qi",ATG
,"Liu, Zhang",ATG
,"Guo, Mengying",ATG
,"Lenters, Kimberly",ATG
,"Xie, Jing",ATG
,"Fu, Rong",ATG
,"Yu, Xiaofei",ATG
,"Yang, Huiwei",ATG
,"Li, Haiying",ATG
,"Qiu, Jing",ATG
,"Liao, Jun",ATG
,"Xu, Chi",ATG
,"Wu, Xiaohui",ATG
,"Li, Junjie",ATG
,"Ni, Ye",ATG
,"Wang, Keming",ATG
,"Luo, Xiangxiang",ATG
,"Cui, Zekun",ATG
,"Cheng, Lin",ATG
,"Rietschel, Moritz",ATG
,"Feng, Shuwei",ATG
,"Jiang, Feifei",ATG
,"Wei, Lipeng",ATG
,"Zhang, Xujun",ATG
,"Wang, Jinjun",ATG
,"Fu, Yun",ATG
,"Liu, Yuying",ATG
,"Dai, Annan",ATG
,"Liu, Cao",ATG
,"Ju, Shuchun",ATG
,"Shi, Jizheng",ATG
,"Guo, Jianfang",ATG
,"Liu, Xi",ATG
,"Xu, Yaoyao",ATG
,"Zheng, Rong",ATG
,"Zhang, Yingjie",ATG
,"Shi, Jingya",ATG
,"Du, Jinran",ATG
,"Sun, Minghai",ATG
,"Ma, Sanxi",ATG
,"Oyang, Yong",ATG
,"Deng, Qing",ATG
,"Williams, Teona",ATG
,"Ye, Xiaoxia",ATG
,"Jiang, Hongyan",ATG
,"Chen, Li",ATG
,"Hu, Yueqiang",ATG
,"Liang, Changming",ATG
,"Wang, Yitong",ATG
,"Zhang, Wenjing",ATG
,"Liu, Jing",ATG
,"Wen, Li",ATG
,"Liu, Xiaolei",ATG
,"Zou, Lei",ATG
,"Xie, Bo",ATG
,"Qi, Yichen",ATG
,"Min, Hongxia",ATG
,"Li, Bonan",ATG
,"Wang, Han",ATG
,"Yang, Zhangming",ATG
,"Wang, Guohui",ATG
,"Miao, Shuai",ATG
,"Chen, Zhenlu",ATG
,"Wang, Zidi",ATG
,"Jian, Shaoyong",ATG
,"Deng, Qing",ATG
,"Cordero, Alicia",ATG
,"Huang, Yueqin",ATG
,"Yang, Fan",ATG
,"Li, Yang",ATG
,"Zhang, Cong",ATG
,"Jiang, Chunyan",ATG
,"Tao, Lulu",ATG
,"Jin, Yujuan",ATG
,"Li, Cunbin",ATG
,"Liu, Yan",ATG
,"Hu, Ruijuan",ATG
,"Li, Li",ATG
,"Li, Mingli",ATG
,"Lin, Ziqing",ATG
,"Li, Changliu",ATG
,"Zheng, Xiaoxi",ATG
,"Zhang, Lijuan",ATG
,"Wang, Yuan",ATG
,"Li, Liqin",ATG
,"Zhang, Xin",ATG
,"Xing, Na",ATG
,"Xue, Qian",ATG
,"Zeng, Huiyan",ATG
,"Xie, Ruiping",ATG
,"Liu, Xia",ATG
,"Zhang, Xuan",ATG
,"Ding, Biying",ATG
,"Ma, Yueran",ATG
,"Han, Jun",ATG
,"Wang, Xin",ATG
,"Jia, Houxiang",ATG
,"Wu, Zongrui",ATG
,"Huang, Jieli",ATG
,"Tang, Yijia",ATG
,"Liu, Tianqing",ATG
,"Li, Yunfang",ATG
,"Nie, Shuai",ATG
,"Meng, Zijie",ATG
,"Wu, Jingjing",ATG
,"Amin, Md Al",ATG
,"Zhang, Tonghao",ATG
,"Zhang, Yuan",ATG
,"Du, Hui",ATG
,"Cao, EnWei",ATG
,"Alwawi, Firas A.",ATG
,"Yang, Guanhua",ATG
,"Hizem, Moez",ATG
,"Jiang, Hebin",ATG
,"Almansoori, Ammar Khazaal Kadhim",ATG
,"Wang, Ziling",ATG
,"Liu, Hong",ATG
,"Cao, Jia",ATG
,"Liu, Chenlu",ATG
,"Hernández-Méndez, Beatriz",ATG
,"Li, Wanchun",ATG
,"Tian, Ying",ATG
,"Chen, Hongbo",ATG
,"Zhao, Can",ATG
,"Wu, Yuyang",ATG
,"Rao, Tingting",ATG
,"Xue, Haili",ATG
,"Peng, Weimei",ATG
,"Chang, Sihao",ATG
,"Ai, Zhihong",ATG
,"Hill, Daniel Lee",ATG
,"Guo, Qian",ATG
,"Liu, Songxue",ATG
,"Li, Bao",ATG
,"Jia, Weichen",ATG
,"Wei, Guangxing",ATG
,"Zheng, Hui",ATG
,"Pu, Shanxia",ATG
,"Zhang, Jing",ATG
,"Kuang, Ainong",ATG
,"Qiao, Yuyue",ATG
,"Liu, Yang",ATG
,"Zhao, Jiannan",ATG
,"Bai, Li",ATG
,"Shen, Guifang",ATG
,"Deng, Xihong",ATG
,"Guo, Hua",ATG
,"Fang, Ruiyang",ATG
,"Zhao, Dan",ATG
,"Sun, Lijuan",ATG
,"He, Yuhong",ATG
,"Song, Xinke",ATG
,"Yang, Peng",ATG
,"Ying, Hao",ATG
,"Wang, Chengshu",ATG
,"Gao, Shengnan",ATG
,"Zhang, Haozhe",ATG
,"Lu, Zhangjun",ATG
,"Lei, Zhifu",ATG
,"Peng, Yuhua",ATG
,"Guowen, Li",ATG
,"Huang, Jing",ATG
,"Agbo, Friday Joseph",ATG
,"Jia, Xiaoxue",ATG
,"Jiang, Yiwei",ATG
,"Ding, Chenyang",ATG
,"Huang, Muhan",ATG
,"Xiao, Xiao",ATG
,"Chen, Yuxiao",ATG
,"Qiao, Gang",ATG
,"Han, Xin",ATG
,"Chen, Xi",ATG
,"Wang, Lishui",ATG
,"Dukun, Ding",ATG
,"Zhou, Xuewei",ATG
,"Lyu, Yifei",ATG
,"Huang, Wei",ATG
,"Chen, Hongping",ATG
,"Guo, Jia",ATG
,"Guan, Hongqiang",ATG
,"Guo, Yinan",ATG
,"Wu, Ziming",ATG
,"Guo, Chen",ATG
,"Rao, Dan",ATG
,"Wang, Liangliang",ATG
,"Zhao, Ran",ATG
,"Yue, Tianyi",ATG
,"Wu, Liangzi",ATG
,"Zhuo, Xiangzhi",ATG
,"Hu, Jiangsheng",ATG
,"Zhang, Xuefeng",ATG
,"Liang, Nan",ATG
,"Zheng, Dazhao",ATG
,"Wan, Jingjing",ATG
,"Xu, Hui",ATG
,"Zhang, Rui",ATG
,"Liu, Dongxia",ATG
,"Bai, Mei",ATG
,"Ying, Hao",ATG
,"Nie, Jingjing",ATG
,"Liu, Dongxia",ATG
,"Wang, Jing",ATG
,"Li, Rui",ATG
,"Hao, Jiaxiang",ATG
,"Wang, Tianqi",ATG
,"Guo, Biao",ATG
,"Ban, Qiucheng",ATG
,"Gao, Weiji",ATG
,"Fu, Baoyan",ATG
,"Jiang, Hongyan",ATG
,"Liang, Haofeng",ATG
,"Cheng, Yi",ATG
,"Ai, Bingyou",ATG
,"Zhang, Shuyan",ATG
,"Li, Suying",ATG
,"Wang, Linjie",ATG
,"Pan, Hua",ATG
,"Yuan, Mincheng",ATG
,"Luo, Yangxue",ATG
,"Wang, Yiwen",ATG
,"Yao, Di",ATG
,"Wu, Zuoping",ATG
,"Li, Yan",ATG
,"Xu, Wanrun",ATG
,"Zhang, Juan",ATG
,"Li, Mengnan",ATG
,"Cai, Wenjie",ATG
,"Chen, Qiaoqiao",ATG
,"Wu, Ming",ATG
,"Zhang, Xijing",ATG
,"Qian, Guigui",ATG
,"Gaviria Alzate, Samuel Jose Octavio",ATG
,"Chen, Wenwen",ATG
,"Zhao, Yaxuan",ATG
,"Li, Min",ATG
,"Zhang, Xuanming",ATG
,"Liang, Yan",ATG
,"Lv, Dongna",ATG
,"Asabere, Deborah",ATG
,"Li, Jinbin",ATG
,"Zhan, Xinxin",ATG
,"Luo, Suzhen",ATG
,"Sun, Guohu",ATG
,"Li, Lingrui",ATG
,"Zhuo, Chuanjun",ATG
,"Du, Huiying",ATG
,"Koo, Gyo Hyun",ATG
,"Wang, Meng",ATG
,"Hu, Bin",ATG
,"Tian, Chunxia",ATG
,"Zhong, Chunlei",ATG
,"Yang, Yang",ATG
,"Kang, Yi",ATG
,"Ren, Jie",ATG
,"Wang, Xianghe",ATG
,"Yu, Liuying",ATG
,"Zhou, Guiyu",ATG
,"Zhang, Lu",ATG
,"Wu, Guang",ATG
,"Lan, Jing",ATG
,"Zhang, Feifei",ATG
,"Zhou, Zeyuan",ATG
,"Yang, Tao",ATG
,"Wang, Ying",ATG
,"Wang, Xiaopeng",ATG
,"Hao, Junqian",ATG
,"Khelejan, Samira Naji",ATG
,"Bao, Han",ATG
,"Lin, Jiamin",ATG
,"Kou, Fei",ATG
,"Chen, Baicheng",ATG
,"Chang, Hong",ATG
,"Pan, Chunmei",ATG
,"Yao, Binbin",ATG
,"Ma, Qing",ATG
,"Li, Tian",ATG
,"Chang, Zhengwei",ATG
,"Yuan, Zhangmengying",ATG
,"Wu, Miaoli",ATG
,"Zhang, Fan",ATG
,"Yang, Fan",ATG
,"Wang, Xiao",ATG
,"Duan, Huili",ATG
,"Mu, Jishou",ATG
,"Luo, Wenbin",ATG
,"Chen, Zhigang",ATG
,"Li, Changyue",ATG
,"Li, Xuejiao",ATG
,"Fan, Haiying",ATG
,"Yu, Suping",ATG
,"Zhang, Long",ATG
,"Zhai, Yan",ATG
,"Li, Cuier",ATG
,"Li, Xiuxia",ATG
,"Liu, Xiaoyan",ATG
,"Tao, Yang",ATG
,"Cao, Ting",ATG
,"Ma, Long",ATG
,"Yang, Yiqing",ATG
,"Xu, Wenli",ATG
,"Jarrar, Rabab",ATG
,"Zhang, Li",ATG
,"Ma, Yinchao",ATG
,"Wang, Junyan",ATG
,"Lin, Yong",ATG
,"Oñate, Angelo",ATG
,"Zhang, YaMin",ATG
,"Yuan, Guojun",ATG
,"Zhai, Yan",ATG
,"Zhang, Yanchao",ATG
,"Lu, Yang",ATG
,"Alrouji, Mohammed",ATG
,"Yin, Zhaolei",ATG
,"Zhang, Shilian",ATG
,"Min, Zhao",ATG
,"Zhu, Hongbin",ATG
,"Shen, Lili",ATG
,"Yue, Linlin",ATG
,"Hu, Chao",ATG
,"Chen, Yu",ATG
,"Ji, Qi",ATG
,"Zhang, Yong",ATG
,"Anouar, El Hassane",ATG
,"Guo, Jingyuan",ATG
,"Guo, Jianhua",ATG
,"Jin, Xin",ATG
,"Pan, Ruiyuan",ATG
,"Fang, Wen",ATG
,"Liu, Xiaoyan",ATG
,"Peng, Fei",ATG
,"Xu, Xiuli",ATG
,"Ding, Meng",ATG
,"Guo, Mengdie",ATG
,"Zhou, Mingfang",ATG
,"He, Yanjie",ATG
,"Wang, Yao",ATG
,"Li, Ai",ATG
,"Lee, Francis",ATG
,"Hou, Qingmin",ATG
,"Yu, Shanshan",ATG
,"Wang, Haijun",ATG
,"Zhang, Jiajing",ATG
,"Feng, Rongfang",ATG
,"Bai, Wuguang",ATG
,"Bai, Xue",ATG
,"Lin, Yan",ATG
,"Zhao, Xiaojuan",ATG
,"Yamwongsri, Pattarapol",ATG
,"Zhou, Ningxia",ATG
,"Du, Yanhua",ATG
,"Qian, Yi",ATG
,"Lopez, Janet M.",ATG
,"Yang, Bin",ATG
,"Jin, Xin",ATG
,"Zhou, Gang",ATG
,"Zhang, Jinggang",ATG
,"Jingliang, Xie",ATG
,"Zeng, Hui",ATG
,"Yao, Jun",ATG
,"Wang, Congcong",ATG
,"Pan, Haijing",ATG
,"Ding, Kun",ATG
,"Zhang, Yu",ATG
,"Meng, Jie",ATG
,"Liu, Xiao",ATG
,"Emsley, Iain",ATG
,"Oldenburg, Silke",ATG
,"Zhang, Qiaohuan",ATG
,"Monkhouse, Lien Le",ATG
,"Lei, Che",ATG
,"Erenea, Royden R",ATG
,"Zhao, Pei",ATG
,"Bank, Mathias",ATG
,"Lai, Xingcai",ATG
,"Hou, Feng",ATG
,"Zhao, Wei",ATG
,"Zhang, Shu",ATG
,"Zhang, Binfang",ATG
,"Zhang, Yan",ATG
,"Li, Yongbo",ATG
,"Yunxing, Wang",ATG
,"Hou, Jue",ATG
,"Zhang, Shunli",ATG
,"Jin, Xin",ATG
,"Lin, Huixian",ATG
,"Han, Jianwei",ATG
,"Wang, Yining",ATG
,"Laurin, Jenna N.",ATG
,"Bjørkeli, Erin Beate",ATG
,"Bridio, Sara",ATG
,"Guo, Tingting",ATG
,"Lamya, Fathima",ATG
,"Bell, Mark S.",ATG
,"Mortazavy Beni, Hamidreza",ATG
,"Ning, Kewei",ATG
,"Song, Shuangfan",ATG
,"Hua, Lei",ATG
,"Zhu, Weixin",ATG
,"Luo, Xi",ATG
,"Shao, Wanqing",ATG
,"Tian, Chunxia",ATG
,"Tu, Jun",ATG
,"Cao, Zhanxia",ATG
,"Zhang, Jie",ATG
,"Clabough, Jeremiah",ATG
,"Chenoy, Anuradha",ATG
,"Jiao, Nan",ATG
,"Melacarne, Claudio",ATG
,"Sevak, Ravi Vijaykumar",ATG
,"Guo, Weijie",ATG
,"Cao, Lixiang",ATG
,"Cong, Zhixin",ATG
,"Tang, Zijian",ATG
,"Yang, Tianrui",ATG
,"Cao, Qingyun",ATG
,"Zhang, Minghao",ATG
,"Wang, Ying",ATG
,"Wen, Yunfeng",ATG
,"Liu, Mengjie",ATG
,"Dong, Chenchen",ATG
,"Xiao, Pengcheng",ATG
,"Yang, Lian Shu Qing",ATG
,"Zhao, Wei",ATG
,"Wang, Chunyan",ATG
,"Wang, Leqi",ATG
,"Shi, Jing",ATG
,"Haitong, Gu",ATG
,"Xu, Hua",ATG
,"Jiao, Yang",ATG
,"Chen, Siyi",ATG
,"Liu, Lei",ATG
,"Tian, Rui",ATG
,"Wang, Tie",ATG
,"Wang, Haiyan",ATG
,"Wang, Chen",ATG
,"Kopnina, Helen",ATG
,"Lu, Yongling",ATG
,"Dong, Ruping",ATG
,"Zhang, Jiachen",ATG
,"Wang, Chengfeng",ATG
,"Miao, Guixian",ATG
,"Söylemez, Nesrin Hark",ATG
,"Zhang, Zenan",ATG
,"Ling, Yan",ATG
,"Hu, Zhengbiao",ATG
,"Dastgeer, Faizan",ATG
,"Ding, Xiaolong",ATG
,"Xu, Ruihang",ATG
,"Yin, Rui",ATG
,"Smith, Yandaarra including Aunty Shaa",ATG
,"Liu, Cheng",ATG
,"Hou, Jia",ATG
,"Ibrahim, Magdy AM",ATG
,"Lin, Wenjun",ATG
,"Pei, Shiya",ATG
,"Zhang, Jianhua",ATG
,"Özkan Elgün, İmgehan",ATG
,"Zhang, Kai",ATG
,"Yang, Bowen",ATG
,"Li, Le",ATG
,"Wang, Rong",ATG
,"Jiashuo, Li",ATG
,"Li, Miao",ATG
,"Yang, Xiaona",ATG
,"Liu, Yingrui",ATG
,"Yan, Xiuzhen",ATG
,"Liu, Li",ATG
,"Dong, Jun",ATG
,"Jiang, Nan",ATG
,"Chen, Teli",ATG
,"Yu, Shengyuan",ATG
,"Kalva, Swamy",ATG
,"Tan, Kezhu",ATG
,"Ma, Xiaolong",ATG
,"Bal, Betul",ATG
,"Xiao, Hanjie",ATG
,"Hui, Qiaojuan",ATG
,"Li, Zhaoqi",ATG
,"Yan, Wensheng",ATG
,"Yang, Bowen",ATG
,"Xia, Xiaoxi",ATG
,"Li, Lin",ATG
,"Liu, Yuzhang",ATG
,"Wen, Bo",ATG
,"Kim Chi, Duong Thi",ATG
,"Alqazlan, Lama",ATG
,"Foote, Liz",ATG
,"Huang, Zhanghao",ATG
,"Habibi, Saeed",ATG
,"Henderson, Taylor",ATG
,"Najia, Mechichi",ATG
,"Chen, Hang",ATG
,"Shen, Hongming",ATG
,"Zhang, Wei",ATG
,"Desmet, Ophélie A.",ATG
,"Long, Holly M.",ATG
,"Yu, Anyue",ATG
,"Bao, Shidu",ATG
,"Kim, Jung-Joon",ATG
,"Zheng, Huajun",ATG
,"Zhang, Ke",ATG
,"Yao, Shujuan",ATG
,"Abbas, Munawar",ATG
,"Zhou, Xiaofei",ATG
,"Su, Renqi",ATG
,"Xu, Miaomiao",ATG
,"Valentine, David",ATG
,"Zhang, Qiang",ATG
,"Gong, Zhenchen",ATG
,"Zhao, Peipei",ATG
,"Jain, Shikha",ATG
,"Chairi, Mohamed",ATG
,"Malik, Hamza",ATG
,"Wang, You",ATG
,"Wu, Haiyan",ATG
,"Jin, Hua",ATG
,"Jam, Maryam Taheri",ATG
,"Xuan, Gang",ATG
,"Gao, Hailong",ATG
,"Li, Hongtao",ATG
,"Guo, Junxin",ATG
,"Huang, Sen-Huang",ATG
,"Xu, Lina",ATG
,"O’Connell, Colleen",ATG
,"Alshaghdali, Khalid",ATG
,"Pnevmatikos, Dimitris",ATG
,"Huang, Xueqing",ATG
,"Kan, Yin",ATG
,"Wang, Jinying",ATG
,"Grall, Margaux",ATG
,"Zhou, Xiuzhi",ATG
,"Hong, Huihui",ATG
,"Jin, Yanjie",ATG
,"Yan, Jitao",ATG
,"Gao, Tian",ATG
,"Hu, Yuyang",ATG
,"Xu, Yang",ATG
,"Zhu, Danqing",ATG
,"Li, Bin",ATG
,"Yang, Dandan",ATG
,"Yi, Xiaoping",ATG
,"Zhou, Ning",ATG
,"Shen, Yu",ATG
,"Jia, Xue Ping",ATG
,"Min, Zhao",ATG
,"Mikalonytė, Elzė Sigutė",ATG
,"Razavirad, Flora",ATG
,"Yang, Fan",ATG
,"Lou, Yaping",ATG
,"Wang, Lin",ATG
,"Xiaoling, Cheng",ATG
,"Pu, Yucui",ATG
,"Shi, Qingfeng",ATG
,"Feng, Jiawen",ATG
,"Garon, Michela",ATG
,"Shi, Anchi",ATG
,"Liu, Yuanyuan",ATG
,"Zhang, Huizhen",ATG
,"Zhu, Qingxiang",ATG
,"Li, Zhi",ATG
,"Zheng, Shuang",ATG
,"Lun, Xi",ATG
,"Royston, Alexander P",ATG
,"Mruczek, Ryan E.B.",ATG
,"Bich, Van Ngo Thai",ATG
,"Patnaikuni, Neelima",ATG
,"Govardhan, Doppa",ATG
,"Le, Vu Thi Thu",ATG
,"Ledesma, Jonathan A.",ATG
,"Liu, Ru",ATG
,"Alqarni, Ali",ATG
,"Wang, Bei",ATG
,"Cheng, Han",ATG
,"He, Weizhao",ATG
,"He, Zicong",ATG
,"Rayburn, Steven W.",ATG
,"Jia, Hongying",ATG
,"Vela, Raluca",ATG
,"Wang, Xingyang",ATG
,"Ballová Mikušková, Eva",ATG
,"Zhang, Han",ATG
,"Li, Jinglong",ATG
,"Xiao, Baojun",ATG
,"Pei, Jiayin",ATG
,"Li, Xiuming",ATG
,"Luo, Zhi",ATG
,"Du, Yifeng",ATG
,"Li, Huizhi",ATG
,"Zhao, Lei",ATG
,"Cai, Yu",ATG
,"Le, Feihong",ATG
,"Amirtharaj, Mark J.",ATG
,"Wang, Yongwei",ATG
,"Williamson, Zachary J",ATG
,"Cai, Xinlei",ATG
,"Sistaninia, Mahjoubeh",ATG
,"Yang, Yan",ATG
,"Guo, Lixiang",ATG
,"Mao, Li",ATG
,"Fu, Xiaoying",ATG
,"He, Min",ATG
,"Li, Mo",ATG
,"Guo, Wenjing",ATG
,"Yang, Juntang",ATG
,"Yang, You",ATG
,"Yu, Yang",ATG
,"Qiu, Shubing",ATG
,"Rangaraj, Vaishnavi",ATG
,"Yang, Yang",ATG
,"Qin, Fengyan",ATG
,"Unwin, Katy L",ATG
,"Liu, Xing",ATG
,"Tong, Zeyu",ATG
,"Tang, Yana",ATG
,"Zhang, Wenjie",ATG
,"Li, Sizheng",ATG
,"Cui, Xiao Hong",ATG
,"Li, Shixiao",ATG
,"Wei, Ning",ATG
,"Wang, Haiying",ATG
,"Yuan, Hailong",ATG
,"Talwar, Gaurav",ATG
,"Hue, Nguyen Thi",ATG
,"Hong, Chen-Shuo",ATG
,"Duverger, O.",ATG
,"Chao, Jiayu",ATG
,"Liu, Guiliang",ATG
,"Singh, Devesh",ATG
,"O’Neil, Libby",ATG
,"Önalan, Beril",ATG
,"Li, Lianhui",ATG
,"Zhao, Gang",ATG
,"Meyrick, Julian",ATG
,"Gaviria Alzate, Samuel Jose Octavio",ATG
,"Li, Xueying",ATG
,"Gong, Weibo",ATG
,"Lu, Shengxun",ATG
,"Liu, Haijun",ATG
,"Huang, Xiaojing",ATG
,"Xu, Yi",ATG
,"Shi, Xia",ATG
,"Campbell, Katelyn M",ATG
,"Li, Fenghua",ATG
,"Kanagaraju, T",ATG
,"Määrits, Erik-Jürgen",ATG
,"Huang, Wenzuo",ATG
,"Xu, Jing",ATG
,"Jiang, Yanru",ATG
,Marlina,ATG
,"Sun, Lihui",ATG
,"Ho, Teh Eng",ATG
,"Duerr, Raphael",ATG
,"Huang, Junxian",ATG
,"van Beek, Alexandra",ATG
,"Zhao, Xian",ATG
,"Najafi, Mohadeseh",ATG
,"Memon, Muhammad Mohsin",ATG
,"Mortazavy Beni, Hamidreza",ATG
,"Gonzales, Wilkinson Daniel Wong",ATG
,"Teti, Michelle",ATG
,"Hussain, Afzal",ATG
,"Tang, Yanhong",ATG
,"Rohrer, Julia M.",ATG
,"Xu, Tianhui",ATG
,"Passos-Silva, Ana Maísa",ATG
,"Haohao, Ma",ATG
,"Clark, Janine Natalya",ATG
,"Taylor, Carol A.",ATG
,"Enakoutsa, Koffi",ATG
,"Zhang, Yingbo",ATG
,"Li, Jia",ATG
,"Zhang, Runbin",ATG
,"Gu, Ying",ATG
,"Paladugu, Abhinay",ATG
,"Rana, Saikalyani",ATG
,"Wang, Ning",ATG
,"Pica, Gennaro",ATG
,"Wang, Zhenwei",ATG
,"Wu, Qing",ATG
,"Prescott, Molly A.",ATG
,"Luo, Qi",ATG
,"Wang, Ai",ATG
,"Xie, Hongbiao",ATG
,"Zhang, Wei",ATG
,"Jin, Songli",ATG
,"Li, Hanjiang",ATG
,"Shang, Meng",ATG
,"Tian, Xinna",ATG
,"Ye, Zihua",ATG
,"Sajadi, Seyed Yousef",ATG
,"Dong, Ning",ATG
,"Östling, Maja",ATG
,"Lin, Siming",ATG
,"Wu, Mingming",ATG
,"Zhang, Min",ATG
,"Dong, Xiaoxiang",ATG
,"He, Sisi",ATG
